{
  "project_info": {
    "project_number": "458020091356",
    "project_id": "taskmanager-72cea",
    "storage_bucket": "taskmanager-72cea.firebasestorage.app"
  },
  "client": [
    {
      "client_info": {
        "mobilesdk_app_id": "1:458020091356:android:88769edf6aad73d374cb19",
        "android_client_info": {
          "package_name": "com.example.task_manager"
        }
      },
      "oauth_client": [],
      "api_key": [
        {
          "current_key": "AIzaSyB3tb9B5JwtAlZwNlbgDmNdf6wKqRMrWsI"
        }
      ],
      "services": {
        "appinvite_service": {
          "other_platform_oauth_client": []
        }
      }
    },
    {
      "client_info": {
        "mobilesdk_app_id": "1:458020091356:android:5e73d7d4bd84388674cb19",
        "android_client_info": {
          "package_name": "com.example.task_manager_app"
        }
      },
      "oauth_client": [],
      "api_key": [
        {
          "current_key": "AIzaSyB3tb9B5JwtAlZwNlbgDmNdf6wKqRMrWsI"
        }
      ],
      "services": {
        "appinvite_service": {
          "other_platform_oauth_client": []
        }
      }
    }
  ],
  "configuration_version": "1"
}